{
    "eval_samples": 474,
    "exact_match": 58.333333333333336,
    "f1": 66.89433020683022
}